breadcrumbs,image_url,brand,product_name,listing_price,offer_price,discount,product_id,available_sizes,description,other_images
,,Tom Ford,Suede driving shoes,,,20% off,p00991981,,,
,,Valentino Garavani,VLogo leather espadrilles,,,30% off,p00996277,,,
,,Tom Ford,Rod suede driving shoes,,,20% off,p00991980,,,
,,Valentino Garavani,Valet Du Roi leather flats,,,20% off,p01014162,,,
,,Valentino Garavani,VLogo leather loafers,,,30% off,p01014171,,,
,,Lemaire,Linoleum leather slip-on sneakers,,,30% off,p01013321,,,
,,Tom Ford,Logo suede sandals,,,20% off,p00991977,,,
,,Lemaire,Linoleum canvas espadrilles,,,40% off,p01013316,,,
,,Lemaire,Linoleum leather slip-on sneakers,,,40% off,p01013311,,,
,,Lemaire,Leather sandals,,,40% off,p01013314,,,
,,Valentino Garavani,Valet Du Roi leather flats,,,30% off,p01014169,,,
,,Valentino Garavani,Royco VLogo leather sneakers,,,30% off,p01014172,,,
,,Tom Ford,Gigi croc-effect leather loafers,,,20% off,p00991985,,,
,,Lemaire,Linoleum canvas espadrilles,,,40% off,p01013318,,,
,,Tom Ford,Cambridge logo suede sneakers,,,20% off,p00991976,,,
,,Tom Ford,Brighton TF suede thong sandals,,,20% off,p00983726,,,
,,Lemaire,Linoleum leather sneakers,,,30% off,p01013324,,,
,,Lemaire,Linoleum leather sneakers,,,30% off,p01013322,,,
,,Tom Ford,Patent leather Chelsea boots,,,20% off,p00991982,,,
,,Tom Ford,Harris suede slides,,,20% off,p00983736,,,
,,Valentino Garavani,VLogo zebra-print calf hair loafers,,,30% off,p00996263,,,
,,Loewe,Rise suede slippers,,,30% off,p01006701,,,
,,Loewe,Ease Buckle leather mules,,,30% off,p01006704,,,
,,Tom Ford,Harris suede slides,,,20% off,p00983735,,,
,,Loewe,Flow Runner 2.0 suede-trimmed sneakers,,,20% off,p01006714,,,
,,Tom Ford,Preston T leather sandals,,,20% off,p00983737,,,
,,Loewe,Flow Runner 2.0 suede-trimmed sneakers,,,20% off,p01006717,,,
,,Loewe,Campo leather penny loafers,,,30% off,p01006697,,,
,,Manolo Blahnik,Seaton suede sandals,,,30% off,p01000553,,,
,,Manolo Blahnik,Seaton suede sandals,,,30% off,p01000551,,,
,,Brunello Cucinelli,Suede sneakers,,,30% off,p01006966,,,
,,Valentino Garavani,VLogo leather loafers,,,30% off,p00996262,,,
,,The Row,Hereditas leather loafers,,,50% off,p00983981,,,
,,Tom Ford,Robin suede boat shoes,,,20% off,p00983728,,,
,,Valentino Garavani,Upvillage suede sneakers,,,30% off,p00996295,,,
,,Tom Ford,Barnes suede espadrilles,,,20% off,p00983723,,,
,,Valentino Garavani,Studded leather fisherman sandals,,,30% off,p00996292,,,
,,Tom Ford,Cambridge leather-trimmed suede sneakers,,,20% off,p00983742,,,
,,Tom Ford,Warwick suede sneakers,,,20% off,p00983746,,,
,,Valentino Garavani,Viva Superstar VLogo slides,,,30% off,p00996284,,,
,,Valentino Garavani,Nojoke canvas sneakers,,,30% off,p00996325,,,
,,Tom Ford,Barnes suede espadrilles,,,20% off,p00983722,,,
,,Tom Ford,Barnes suede espadrilles,,,20% off,p00983724,,,
,,Valentino Garavani,Nojoke canvas sneakers,,,30% off,p00996323,,,
,,Tom Ford,Jago leather-trimmed sneakers,,,20% off,p00983743,,,
,,Brunello Cucinelli,Suede sneakers,,,30% off,p01006979,,,
,,Tom Ford,Mick suede-trimmed sneakers,,,20% off,p00983748,,,
,,Tom Ford,Robin suede boat shoes,,,20% off,p00983727,,,
,,Valentino Garavani,Chromathon VLogo Signature leather sneakers,,,30% off,p00996310,,,
,,Brioni,Suede slides,,,40% off,p00987369,,,
,,Brunello Cucinelli,Suede loafers,,,30% off,p01006978,,,
,,Tom Ford,Radcliffe suede sneakers,,,20% off,p00991983,,,
,,Brioni,Suede desert boots,,,40% off,p00987365,,,
,,Brioni,Velvet loafers,,,30% off,p00987370,,,
,,Brioni,Leather Derby shoes,,,40% off,p00987366,,,
,,Tom Ford,Mick suede-trimmed sneakers,,,20% off,p00983749,,,
,,Tom Ford,Robin leather boat shoes,,,20% off,p00983730,,,
,,Lemaire,Leather Mary Jane flats,,,40% off,p01013338,,,
,,Valentino Garavani,Bay By Bay canvas sneakers,,,30% off,p00996312,,,
,,Tom Ford,Sean suede penny loafers,,,20% off,p00983725,,,
,,Tom Ford,Suede desert boots,,,20% off,p00983733,,,
,,Tom Ford,Liam chain-detail suede loafers,,,20% off,p00983721,,,
,,Manolo Blahnik,Ellis suede penny loafers,,,30% off,p01000539,,,
,,Tom Ford,Cambridge leather-trimmed suede sneakers,,,20% off,p00983741,,,
,,Valentino Garavani,Upvillage leather-trimmed sneakers,,,30% off,p00996303,,,
,,Valentino Garavani,VLogo leather slides,,,30% off,p00996287,,,
,,Valentino Garavani,Chromathon VLogo sneakers,,,30% off,p00996306,,,
,,Valentino Garavani,Paisley denim slides,,,30% off,p00996290,,,
,,Tom Ford,Cambridge leather-trimmed suede sneakers,,,20% off,p00983739,,,
,,Tom Ford,Suede Chelsea boots,,,20% off,p00983731,,,
,,Valentino Garavani,Palm Avenue leather boat shoes,,,30% off,p00996266,,,
,,Brioni,Leather loafars,,,30% off,p00987367,,,
,,Valentino Garavani,Bay By Bay VLogo denim sneakers,,,30% off,p00996316,,,
,,Valentino Garavani,VLogo Signature leather loafers,,,30% off,p00996260,,,
,,Valentino Garavani,VLogo leather ankle boots,,,30% off,p00996272,,,
,,Valentino Garavani,Bowow bow-detail leather loafers,,,30% off,p00996259,,,
,,Brunello Cucinelli,Suede Chelsea boots,,,40% off,p00982122,,,
,,Brunello Cucinelli,Suede slip-on sneakers,,,30% off,p01006718,,,
,,Brunello Cucinelli,Suede slip-on sneakers,,,30% off,p01006844,,,
,,Valentino Garavani,Pat VLogo Signature leather ankle boots,,,30% off,p00996269,,,
,,Balenciaga,Circuit sneakers,,,30% off,p01010155,,,
,,The Row,Moveo canvas-trimmed sneakers,,,50% off,p00983987,,,
,,Brunello Cucinelli,Leather lace-up boots,,,20% off,p00982118,,,
,,Brunello Cucinelli,Leather low-top sneakers,,,30% off,p00982110,,,
,,Brunello Cucinelli,Leather lace-up boots,,,30% off,p00982120,,,
,,Brunello Cucinelli,Basket suede and leather sneakers,,,30% off,p00982111,,,
,,Brunello Cucinelli,Suede penny loafers,,,30% off,p00982113,,,
,,Brunello Cucinelli,Corduroy-trimmed leather lace-up boots,,,30% off,p00982115,,,
,,Brunello Cucinelli,Suede and corduroy lace-up boots,,,20% off,p00982117,,,
,,Lemaire,Leather loafers,,,20% off,p00962904,,,
,,Lemaire,Leather loafers,,,30% off,p00962910,,,
,,Balenciaga,Runner sneakers,,,30% off,p00970247,,,
,,Balenciaga,Sunday suede sandals,,,30% off,p00954700,,,
,,Tom Ford,Sean suede penny loafers,,,20% off,p00945415,,,
,,Loewe,Flow Runner leather-trimmed sneakers,,,20% off,p00956063,,,
,,Brunello Cucinelli,Suede penny loafers,,,20% off,p00956543,,,
,,Balenciaga,Sunday leather sandals,,,30% off,p00954800,,,
,,Balenciaga,10XL sneakers,,,30% off,p00948313,,,
,,Balenciaga,Sunday Molded mules,,,40% off,p00906276,,,
,,Valentino Garavani,Freedots leather low-top sneakers,,,20% off,p00882395,,,
,,Valentino Garavani,Freedots leather low-top sneakers,,,30% off,p00882401,,,
,,Balenciaga,Santiago leather boots,,,30% off,p00827562,,,
,,Balenciaga,Santiago over-the-knee leather boots,,,30% off,p00827558,,,
,,Balenciaga,Technoclog rubber mules,,,30% off,p00807247,,,
,,Tom Ford,Suede slip-on sneakers,,,20% off,p00738003,,,
,,Tom Ford,Edgar patent leather loafers,,,20% off,p00738000,,,
,,Balenciaga,Steroid lace-up boots,,,40% off,p00766853,,,
,,Balenciaga,Logo leather slippers,,,30% off,p00777669,,,
,,The Row,Owen Runner mesh and suede sneakers,,,30% off,p00681286,,,
,,Balenciaga,Paris canvas low-top sneakers,,,30% off,p00725252,,,
,,Comme des Garçons Homme,x New Balance Made In USA 990v6 sneakers,,,30% off,p01012851,,,
,,Comme des Garçons Homme,x New Balance Made In USA 990v6 sneakers,,,30% off,p01012850,,,
,,Simone Rocha,Ballerina Grip pleated ballet flats,,,30% off,p01006961,,,
,,Burberry,Burberry Check EKD leather sneakers,,,30% off,p01032051,,,
,,George Cleverley,Joey II suede penny loafers,,,40% off,p01005825,,,
,,Rick Owens,Boat coated denim slip-on shoes,,,30% off,p01007536,,,
,,Maison Margiela,Sprinters suede-trimmed sneakers,,,50% off,p01020588,,,
,,Maison Margiela,Tabi suede ankle boots,,,30% off,p01020589,,,
,,Burberry,Burberry Check low-top sneakers,,,20% off,p01032050,,,
,,Giorgio Armani,Suede penny loafers,,,40% off,p00984710,,,
,,Jacquemus,Batto croc-effect suede boat shoes,,,20% off,p01007435,,,
,,Tod's,Gommino leather loafers,,,40% off,p00999656,,,
,,Giorgio Armani,Logo embossed leather slides,,,40% off,p00984711,,,
,,Giorgio Armani,Leather loafers,,,40% off,p00984713,,,
,,Rick Owens,Mega Geobasket leather high-top sneakers,,,20% off,p01007397,,,
,,Simone Rocha,Grip satin ballet flats,,,30% off,p01006986,,,
,,Ralph Lauren Purple Label,Suede penny loafers,,,50% off,p00997383,,,
,,Rick Owens,Boat denim slip-on sneakers,,,30% off,p01007535,,,
,,Rick Owens,Megalaced Mega Tractor leather combat boots,,,20% off,p01001482,,,
,,Rick Owens,Vintage Sneaks leather sneakers,,,30% off,p01007398,,,
,,Jacquemus,Mocassin suede slides,,,30% off,p01007436,,,
,,Comme des Garçons Homme,Leather mules,,,30% off,p01027766,,,
,,Ralph Lauren Purple Label,Canvas espadrilles,,,40% off,p00997366,,,
,,Ralph Lauren Purple Label,Leather fisherman sandals,,,40% off,p00997367,,,
,,Kiton,Leather espadrilles,,,40% off,p01012087,,,
,,Kiton,Suede espadrilles,,,30% off,p01012082,,,
,,Acne Studios,Leather slingback mules,,,40% off,p01004684,,,
,,Rick Owens,x Converse Turbowpn leather sneakers,,,30% off,p00969982,,,
,,Rick Owens,Megalace Mega Tractor lace-up boots,,,20% off,p01001463,,,
,,Acne Studios,Leather biker boots,,,30% off,p01004683,,,
,,Comme des Garçons Homme,Logo leather boots,,,50% off,p01027770,,,
,,Comme des Garçons Homme,x New Balance MR860 sneakers,,,20% off,p00956446,,,
,,Our Legacy,Camion leather mules,,,40% off,p01012206,,,
,,Our Legacy,Gabe suede sneakers,,,40% off,p01012216,,,
,,Rick Owens,Geth sandals,,,30% off,p01001469,,,
,,George Cleverley,Toby leather derby boots,,,40% off,p01005797,,,
,,Tod's,Suede sneakers,,,40% off,p00999658,,,
,,George Cleverley,Joey II suede loafers,,,30% off,p01041018,,,
,,Tod's,Leather sneakers,,,30% off,p00999659,,,
,,Our Legacy,Camion leather ankle boots,,,30% off,p01012203,,,
,,George Cleverley,Jack II leather sneakers,,,30% off,p01005822,,,
,,George Cleverley,Joey II suede loafers,,,40% off,p01005821,,,
,,George Cleverley,Jack II suede sneakers,,,40% off,p01005823,,,
,,Rick Owens,Megalace leather slingback clogs,,,20% off,p01001466,,,
,,Kiton,Leather boat shoes,,,50% off,p01012099,,,
,,Burberry,Burberry Check embossed slides ,,,20% off,p01014652,,,
,,Kiton,Leather boat shoes,,,30% off,p01012090,,,
,,Maison Margiela,Sprinters drill and leather sneakers,,,30% off,p01007476,,,
,,Tod's,Suede penny loafers,,,40% off,p00999636,,,
,,Rick Owens,x Converse Turbowpn leather sneakers,,,20% off,p00969979,,,
,,Rick Owens,Donut Granola leather sandals,,,20% off,p01001468,,,
,,Sacai,Leather platform boat shoes,,,30% off,p01008952,,,
,,Tod's,Suede desert boots,,,50% off,p00999642,,,
,,Rick Owens,Hexa denim high-top sneakers,,,30% off,p01007532,,,
,,JW Anderson,Suede espadrilles,,,30% off,p01007605,,,
,,JW Anderson,Ruffled leather mules,,,40% off,p01007603,,,
,,JW Anderson,Leather combat boots,,,40% off,p01007599,,,
,,JW Anderson,Ruffled leather mules,,,30% off,p01007601,,,
,,Tod's,Suede penny loafers,,,40% off,p00999648,,,
,,Tod's,Jute-trimmed suede slip-on shoes,,,30% off,p00999645,,,
,,Rick Owens,Granola leather mules,,,20% off,p01001467,,,
,,Tod's,Gommino suede driving shoes,,,30% off,p00999643,,,
,,Tod's,Gommino leather driving shoes,,,50% off,p00999811,,,
,,Tod's,Leather sneakers,,,30% off,p00999634,,,
,,Rick Owens,Megalace suede sneakers,,,20% off,p01001464,,,
,,Tod's,Gommino suede driving shoes,,,30% off,p00999635,,,
,,Rick Owens,Megalace suede sneakers,,,30% off,p01001465,,,
,,Maison Margiela,Tabi City leather mules,,,20% off,p01007472,,,
,,Tod's,Suede sneakers,,,40% off,p00999651,,,
,,Tod's,Suede slip-on shoes,,,30% off,p00999637,,,
,,Jil Sander,Moon suede-trimmed sneakers,,,50% off,p01012584,,,
,,Maison Margiela,Tabi leather sandals,,,30% off,p01007473,,,
,,Sacai,Leather Chelsea boots,,,30% off,p01008815,,,
,,Tod's,Gommino Bubble leather boat shoes,,,40% off,p00999654,,,
,,Rick Owens,Vintage Sneaks High leather sneakers,,,30% off,p01001472,,,
,,Acne Studios,Leather and suede sneakers,,,50% off,p01004716,,,
,,Tod's,Suede loafers,,,30% off,p00999641,,,
,,Rick Owens,Beatle Tractor suede Chelsea boots,,,20% off,p01001461,,,
,,Rick Owens,Porterville suede sneakers,,,20% off,p01001475,,,
,,Sacai,Leather platform loafers,,,30% off,p01008814,,,
,,Tod's,Suede slip-on sneakers,,,30% off,p00999633,,,
,,Tod's,Suede Derby shoes,,,40% off,p00999640,,,
,,Ralph Lauren Purple Label,Suede loafers,,,50% off,p00985167,,,
,,Kiton,Canvas sneakers,,,50% off,p01012102,,,
,,Rubinacci,Suede penny loafers,,,40% off,p00999975,,,
,,Rick Owens,Sneaks Low leather sneakers,,,20% off,p01001470,,,
,,Rick Owens,Vintage Sneaks Low suede sneakers,,,20% off,p01001476,,,
,,Tod's,Suede sneakers,,,40% off,p00999632,,,
,,Tod's,Suede slip-on shoes,,,30% off,p00999646,,,
,,Tod's,Gommino Bubble suede driving shoes,,,30% off,p00999638,,,
,,Tod's,Leather penny loafers,,,40% off,p00999639,,,
,,Comme des Garçons Homme,x New Balance MR860 sneakers,,,20% off,p00956447,,,
,,Thom Browne,Heritage leather sneakers,,,40% off,p01000082,,,
,,Tod's,Mocassino leather loafers,,,30% off,p00999649,,,
,,Tod's,Pantofola suede sneakers,,,30% off,p00999650,,,
,,George Cleverley,Albert velvet loafers,,,70% off,p01005803,,,
,,Thom Browne,Leather Derby shoes,,,50% off,p01000083,,,
,,Burberry,Leather boat shoes,,,30% off,p01014629,,,
,,Canali,Leather Derby shoes,,,60% off,p01001119,,,
,,George Cleverley,Albert velvet loafers,,,70% off,p01005802,,,
,,Balenciaga,Political Campaign Furry slides,,,30% off,p00636445,,,
,,Canada Goose,Glacier Trail high-top sneakers,,,40% off,p00952869,,,
,,Rubinacci,Marphy leather-trimmed velvet loafers,,,20% off,p00950278,,,
,,Rubinacci,Marphy suede loafers,,,40% off,p00950280,,,
,,Rubinacci,Bow-detail croc-effect leather loafers,,,30% off,p00950279,,,
,,George Cleverley,Cannes suede penny loafers,,,40% off,p00964650,,,
,,George Cleverley,Joey II leather penny loafers,,,40% off,p00964645,,,
,,Acne Studios,Leather ankle boots,,,30% off,p00891863,,,
,,Tod's,Suede sneakers,,,30% off,p00910715,,,
,,Tod's,Suede sneakers,,,30% off,p00910725,,,
,,Canada Goose,Crofton fold puffer boots,,,30% off,p00846727,,,
,,Tod's,Gommino suede driving shoes,,,20% off,p00828545,,,
,,Giorgio Armani,Suede loafers,,,20% off,p00820287,,,
,,Tod's,Gommino driving shoes,,,20% off,p00710201,,,
,,ERL,Sand Vamp shearling-lined suede sneakers,,,30% off,p01007509,,,
,,ERL,Vamp Skate suede sneakers,,,30% off,p01007511,,,
,,ERL,Vamp Skate suede sneakers,,,30% off,p01007510,,,
,,ERL,Canvas low-top sneakers,,,30% off,p01007513,,,
,,Lanvin,Clay leather-trimmed sneakers,,,30% off,p00980526,,,
,,Gianvito Rossi,Vandé suede boat shoes,,,30% off,p01008058,,,
,,ERL,Canvas mules,,,30% off,p01007514,,,
,,ERL,Canvas low-top sneakers,,,30% off,p01007512,,,
,,Common Projects,Leather derby shoes,,,50% off,p01013703,,,
,,Common Projects,Suede clogs,,,50% off,p01013697,,,
,,Common Projects,Leather penny loafers,,,30% off,p01013702,,,
,,Roa,Arpy mesh slip-on sneakers,,,30% off,p01022642,,,
,,Roa,Arpy mesh slip-on sneakers,,,30% off,p01022643,,,
,,Polo Ralph Lauren,Cevio suede espadrilles,,,30% off,p01011579,,,
,,Roa,Fedaia leather mules,,,30% off,p01022641,,,
,,Lanvin,Clay logo leather sneakers,,,30% off,p00980536,,,
,,Roa,Katharina sneakers,,,30% off,p01022652,,,
,,Common Projects,Suede Chelsea boots,,,50% off,p01013700,,,
,,Common Projects,Suede clogs,,,50% off,p01013696,,,
,,Common Projects,Achilles leather sneakers,,,30% off,p01013683,,,
,,Common Projects,BBall Duo leather and suede sneakers,,,50% off,p01013688,,,
,,Lanvin,Clay suede-trimmed sneakers,,,30% off,p00980532,,,
,,Common Projects,Achilles suede sneakers,,,30% off,p01013684,,,
,,Common Projects,Achilles leather sneakers,,,30% off,p01013682,,,
,,Roa,Katharina Light sneakers,,,30% off,p01022649,,,
,,Common Projects,Suede slip-on sneakers,,,40% off,p01013694,,,
,,Common Projects,Achilles suede sneakers,,,30% off,p01013685,,,
,,Roa,Katharina Light sneakers,,,30% off,p01022651,,,
,,Polo Ralph Lauren,Alston leather penny loafers,,,30% off,p01011584,,,
,,Roa,Cingino sneakers,,,30% off,p01022647,,,
,,Roa,Cingino trail-running sneakers ,,,30% off,p01022646,,,
,,Roa,Katharina Light sneakers,,,30% off,p01022650,,,
,,Polo Ralph Lauren,Canvas espadrilles,,,40% off,p01011580,,,
,,Roa,Sella sneakers,,,30% off,p01022645,,,
,,Polo Ralph Lauren,Suede espadrilles,,,40% off,p01011581,,,
,,Polo Ralph Lauren,Ranger leather boat shoes,,,50% off,p01011578,,,
,,Lanvin,DBB1 suede sneakers,,,30% off,p00980522,,,
,,Gianvito Rossi,Leopard-print loafers,,,30% off,p01008061,,,
,,Amiri,Ma-1 debossed leather sneakers,,,30% off,p01005470,,,
,,Polo Ralph Lauren,Merton leather boat shoes,,,30% off,p01011577,,,
,,Amiri,Pacific leather low-top sneakers,,,50% off,p01005472,,,
,,Polo Ralph Lauren,Alston leather penny loafers,,,30% off,p01011583,,,
,,Gianvito Rossi,Leather espadrilles,,,30% off,p01008059,,,
,,Lanvin,Curb Lite suede sneakers,,,40% off,p00980541,,,
,,Lanvin,Curb Lite suede sneakers,,,50% off,p00980538,,,
,,Lanvin,Curb Lite suede sneakers,,,40% off,p00980543,,,
,,Amiri,Pacific Bones suede sneakers,,,50% off,p01005341,,,
,,Amiri,Pacific Bones appliqué suede sneakers,,,40% off,p01005363,,,
,,Amiri,Snake Skel printed leather sneakers,,,50% off,p01005339,,,
,,Amiri,Ma Jumbo suede ankle boots,,,40% off,p01005360,,,
,,Amiri,MA Court leather-trimmed sneakers,,,30% off,p01005338,,,
,,Amiri,Pacific leather sneakers,,,50% off,p01005361,,,
,,Amiri,Pacific leather sneakers,,,50% off,p01005362,,,
,,Canada Goose,Journey leather hiking boots,,,40% off,p00630616,,,
,,Roa,Fedaia suede clogs,,,20% off,p00909035,,,
,,Roa,Fedaia suede clogs,,,20% off,p00909039,,,
,,Gianvito Rossi,Leather low-top sneakers,,,20% off,p00872193,,,
,,Gianvito Rossi,Harris leather penny loafers,,,30% off,p00872183,,,
,,Amiri,Skel Top Low leather sneakers,,,20% off,p00806143,,,
,,Salomon,Speedcross 3 trail running shoes,,,20% off,p01012059,,,
,,Asics,Gel-Kayano 14 running shoes,,,20% off,p00994972,,,
,,Adidas,x Clot Gazelle suede-trimmed sneakers,,,20% off,p00994935,,,
,,Asics,Gel-Ds 14 sneakers,,,20% off,p00994980,,,
,,Salomon,XA Pro 3D sneakers ,,,20% off,p01012048,,,
,,Asics,Gel-Nimbus 10.1 sneakers,,,20% off,p00994970,,,
,,Adidas,x Clot Gazelle suede sneakers,,,20% off,p00994934,,,
,,Asics,Gel-Kayano 20 sneakers,,,20% off,p00994968,,,
,,Asics,Gel-Kayano 14 faux leather sneakers,,,20% off,p00994977,,,
,,Salomon,Advanced XT-6 trail running shoes,,,20% off,p01012043,,,
,,Salomon,Advanced XT-6 trail running shoes,,,20% off,p01012038,,,
,,Asics,Gel Quantum 360 VIII sneakers,,,20% off,p00994987,,,
,,Asics,UB9-S Gel -DS Trainer 14 sneakers,,,20% off,p00994978,,,
,,Asics,JOG 100S sneakers,,,20% off,p00994985,,,
,,Salomon,RX leather slides,,,20% off,p01012057,,,
,,Salomon,XT-6 trail running shoes,,,20% off,p01012037,,,
,,Salomon,RX Moc 3.0 sneakers,,,20% off,p01012054,,,
,,Salomon,RX Slide 3.0 slides,,,20% off,p01012055,,,
,,Salomon,Speedcross 3 trail running shoes,,,20% off,p01012046,,,
,,Asics,Gel Kayano 14 faux leather sneakers,,,20% off,p00994974,,,
,,Salomon,XT PU.RE Advanced trail running shoes,,,20% off,p01012032,,,
,,Salomon,XT-6 GTX trail running shoes,,,20% off,p01012039,,,
,,Asics,Gel-Kinetic Fluent sneakers,,,20% off,p00994986,,,
,,Salomon,X-Alp suede sneakers,,,20% off,p01012047,,,
,,Asics,Jog 100S running shoes,,,20% off,p00994983,,,
,,Salomon,XA Pro 3D GTX trail running shoes,,,20% off,p01012049,,,
,,Asics,Gel-Kayano 20 sneakers,,,20% off,p00994967,,,
,,Asics,Gel-Kayano 14 sneakers,,,20% off,p00994975,,,
,,Amiri,M.A. Court high-top sneakers,,,20% off,p00623531,,,
,,Asics,UB10-S Gel-Kayano 20 sneakers,,,20% off,p00960108,,,
,,Adidas,x Wales Bonner Samba Millennium suede sneakers,,,20% off,p00971102,,,
,,Adidas,x Wales Bonner Samba Millennium leather sneakers,,,20% off,p00971101,,,
,,Salomon,x Phileo Alpinway SP2 suede sneakers,,,20% off,p00970940,,,
,,Asics,Gel-Kayano 20 sneakers,,,20% off,p00960109,,,
,,Salomon,Alpinway Advanced sneakers,,,20% off,p00951826,,,
,,Adidas,x Wales Bonner Superstar leather sneakers,,,20% off,p00971103,,,
,,Salomon,x Phileo Alpinway SP2 suede sneakers,,,20% off,p00970941,,,
,,Asics,Gel-Nimbus 10.1 sneakers,,,20% off,p00960117,,,
,,Asics,Gel-Nimbus 10.1 sneakers,,,20% off,p00960118,,,
,,Gianvito Rossi,Harris leather loafers,,,20% off,p00527261,,,
,,Lanvin,DBB1 suede sneakers,,,20% off,p00485647,,,
,,Lanvin,DBB1 suede and leather sneakers,,,20% off,p00485649,,,
